{
    "loss": 1.0913901329040527,
    "accuracy": 0.6166666746139526
}