{
    "loss": 0.335068017244339,
    "accuracy": 0.9333333373069763
}