{
    "loss": 1.088787317276001,
    "accuracy": 0.6499999761581421
}